model,name,family,layer,shape,beta,p,N,Dstrict,DTW1,DTW2,DTW3,degenerate
bert-base-uncased,embeddings.word_embeddings.weight,emb_word,-1,"(30522, 768)",0.025162178101041873,768,30522,0.4255537347922744,0.11733111227928233,0.11540670338937103,0.11493041549988786,False
bert-base-uncased,embeddings.position_embeddings.weight,emb_position,-1,"(512, 768)",0.6666666666666666,512,768,0.556192367017565,0.5564475412190282,0.5595205895071156,0.5632297106884157,False
bert-base-uncased,embeddings.token_type_embeddings.weight,emb_token_type,-1,"(2, 768)",0.0026041666666666665,2,768,nan,nan,nan,nan,True
bert-base-uncased,encoder.layer.0.attention.self.query.weight,attn_qkv,0,"(768, 768)",1.0,768,768,0.12015382159294852,0.14565413006304273,0.14557260143281264,0.14546678230334553,False
bert-base-uncased,encoder.layer.0.attention.self.key.weight,attn_qkv,0,"(768, 768)",1.0,768,768,0.11232323364848651,0.13398130369504258,0.1346592605316404,0.1345602824940435,False
bert-base-uncased,encoder.layer.0.attention.self.value.weight,attn_qkv,0,"(768, 768)",1.0,768,768,0.08632616131921306,0.1111414453741224,0.11105727289182366,0.11173480279657144,False
bert-base-uncased,encoder.layer.0.attention.output.dense.weight,attn_out,0,"(768, 768)",1.0,768,768,0.0923834466032874,0.12174533883231775,0.12165538558185995,0.12153863181536945,False
bert-base-uncased,encoder.layer.0.intermediate.dense.weight,ffn_intermediate,0,"(3072, 768)",0.25,768,3072,0.12528609124856852,0.08220307818763883,0.08027431965158327,0.07933059415136268,False
bert-base-uncased,encoder.layer.0.output.dense.weight,ffn_output,0,"(768, 3072)",0.25,768,3072,0.09734855756989068,0.06036239455744835,0.056449810652416055,0.05445316555237584,False
bert-base-uncased,encoder.layer.1.attention.self.query.weight,attn_qkv,1,"(768, 768)",1.0,768,768,0.1054846578548359,0.12814185614601264,0.1280605952757657,0.12795512368222856,False
bert-base-uncased,encoder.layer.1.attention.self.key.weight,attn_qkv,1,"(768, 768)",1.0,768,768,0.12313418294393064,0.14976778142047809,0.14968625454703832,0.14958043769777674,False
bert-base-uncased,encoder.layer.1.attention.self.value.weight,attn_qkv,1,"(768, 768)",1.0,768,768,0.08933484412886056,0.11315731408809476,0.11381489954918933,0.11371513004583483,False
bert-base-uncased,encoder.layer.1.attention.output.dense.weight,attn_out,1,"(768, 768)",1.0,768,768,0.08398152766183353,0.11020114014226545,0.11010930460998514,0.10999010775787788,False
bert-base-uncased,encoder.layer.1.intermediate.dense.weight,ffn_intermediate,1,"(3072, 768)",0.25,768,3072,0.11654518553149776,0.0888311797165886,0.08764197909988958,0.0851836072655966,False
bert-base-uncased,encoder.layer.1.output.dense.weight,ffn_output,1,"(768, 3072)",0.25,768,3072,0.11883986124266485,0.09030026785493589,0.088421515177806,0.08681514335537127,False
bert-base-uncased,encoder.layer.2.attention.self.query.weight,attn_qkv,2,"(768, 768)",1.0,768,768,0.11348968289246891,0.13215760687776545,0.1320886649936474,0.13269415571211102,False
bert-base-uncased,encoder.layer.2.attention.self.key.weight,attn_qkv,2,"(768, 768)",1.0,768,768,0.1386754307983447,0.16031644308909876,0.16024543003984099,0.16015325948537384,False
bert-base-uncased,encoder.layer.2.attention.self.value.weight,attn_qkv,2,"(768, 768)",1.0,768,768,0.09016732759902557,0.11736534619500583,0.11727804086297716,0.11716472393115784,False
bert-base-uncased,encoder.layer.2.attention.output.dense.weight,attn_out,2,"(768, 768)",1.0,768,768,0.08439499007399859,0.10386732246954289,0.10445818163221382,0.10436859362488798,False
bert-base-uncased,encoder.layer.2.intermediate.dense.weight,ffn_intermediate,2,"(3072, 768)",0.25,768,3072,0.14123570930492788,0.12132104543848793,0.12049683929762145,0.11835279602383086,False
bert-base-uncased,encoder.layer.2.output.dense.weight,ffn_output,2,"(768, 3072)",0.25,768,3072,0.11611172196899469,0.09707583740790765,0.09523948621409867,0.09325082588623868,False
bert-base-uncased,encoder.layer.3.attention.self.query.weight,attn_qkv,3,"(768, 768)",1.0,768,768,0.10269502734513114,0.12463064830585407,0.12455365586431744,0.12445372442776614,False
bert-base-uncased,encoder.layer.3.attention.self.key.weight,attn_qkv,3,"(768, 768)",1.0,768,768,0.11145575188446427,0.13139020536358864,0.1313137499535486,0.13121451555073027,False
bert-base-uncased,encoder.layer.3.attention.self.value.weight,attn_qkv,3,"(768, 768)",1.0,768,768,0.10830013574583647,0.13959539946208166,0.14037147460440597,0.14025677752705823,False
bert-base-uncased,encoder.layer.3.attention.output.dense.weight,attn_out,3,"(768, 768)",1.0,768,768,0.07138808049201584,0.09061504364340034,0.09127044398206724,0.09190341422138298,False
bert-base-uncased,encoder.layer.3.intermediate.dense.weight,ffn_intermediate,3,"(3072, 768)",0.25,768,3072,0.12316247409779091,0.11161629677600116,0.11068240206736368,0.1102649824156981,False
bert-base-uncased,encoder.layer.3.output.dense.weight,ffn_output,3,"(768, 3072)",0.25,768,3072,0.10608823289345409,0.1014274654808201,0.09972643539306009,0.09915449002317483,False
bert-base-uncased,encoder.layer.4.attention.self.query.weight,attn_qkv,4,"(768, 768)",1.0,768,768,0.10245627106866223,0.12636027361063934,0.1270478114035165,0.1277140049911148,False
bert-base-uncased,encoder.layer.4.attention.self.key.weight,attn_qkv,4,"(768, 768)",1.0,768,768,0.10026878858892024,0.12245028449306627,0.1223692235176051,0.12226401137516085,False
bert-base-uncased,encoder.layer.4.attention.self.value.weight,attn_qkv,4,"(768, 768)",1.0,768,768,0.09201081116073417,0.11886043042094635,0.1187786148985307,0.1194541284949528,False
bert-base-uncased,encoder.layer.4.attention.output.dense.weight,attn_out,4,"(768, 768)",1.0,768,768,0.05679965237897261,0.06900105018697522,0.0689381232520091,0.06885644797475554,False
bert-base-uncased,encoder.layer.4.intermediate.dense.weight,ffn_intermediate,4,"(3072, 768)",0.25,768,3072,0.11446778394652934,0.09711878063150736,0.09609540954147094,0.0952344234484952,False
bert-base-uncased,encoder.layer.4.output.dense.weight,ffn_output,4,"(768, 3072)",0.25,768,3072,0.12917372625191761,0.10721470954994877,0.1047730703690598,0.10375089790129666,False
bert-base-uncased,encoder.layer.5.attention.self.query.weight,attn_qkv,5,"(768, 768)",1.0,768,768,0.10100507447663332,0.12257444809834894,0.12249524364766573,0.12239244115978432,False
bert-base-uncased,encoder.layer.5.attention.self.key.weight,attn_qkv,5,"(768, 768)",1.0,768,768,0.10321877627001241,0.11993214043223,0.11985341363089363,0.11975123110238028,False
bert-base-uncased,encoder.layer.5.attention.self.value.weight,attn_qkv,5,"(768, 768)",1.0,768,768,0.0805853253148811,0.10689297771669148,0.10680159107078269,0.10668297684547678,False
bert-base-uncased,encoder.layer.5.attention.output.dense.weight,attn_out,5,"(768, 768)",1.0,768,768,0.05287460206034661,0.06139381636068625,0.06185338964041548,0.061775928248409606,False
bert-base-uncased,encoder.layer.5.intermediate.dense.weight,ffn_intermediate,5,"(3072, 768)",0.25,768,3072,0.11352998759147426,0.10232958299415179,0.0999654344735898,0.09865473662235519,False
bert-base-uncased,encoder.layer.5.output.dense.weight,ffn_output,5,"(768, 3072)",0.25,768,3072,0.13736732736151247,0.12099747834376623,0.11888067531575347,0.11674247706526963,False
bert-base-uncased,encoder.layer.6.attention.self.query.weight,attn_qkv,6,"(768, 768)",1.0,768,768,0.11824682604674891,0.14513575110956967,0.14506315269044173,0.145719034011543,False
bert-base-uncased,encoder.layer.6.attention.self.key.weight,attn_qkv,6,"(768, 768)",1.0,768,768,0.12033900027281119,0.14284442301834593,0.14276321898922878,0.14346228464673255,False
bert-base-uncased,encoder.layer.6.attention.self.value.weight,attn_qkv,6,"(768, 768)",1.0,768,768,0.059045309074371555,0.07936020358094914,0.07927283464444934,0.07993942400186849,False
bert-base-uncased,encoder.layer.6.attention.output.dense.weight,attn_out,6,"(768, 768)",1.0,768,768,0.04149139570441018,0.04682209942432411,0.047158245661296366,0.047482586637838525,False
bert-base-uncased,encoder.layer.6.intermediate.dense.weight,ffn_intermediate,6,"(3072, 768)",0.25,768,3072,0.10865052729900093,0.10351401648446451,0.10014483786669487,0.10003402758173408,False
bert-base-uncased,encoder.layer.6.output.dense.weight,ffn_output,6,"(768, 3072)",0.25,768,3072,0.1589881698133098,0.13802096615507842,0.13561909720397358,0.1346121566002011,False
bert-base-uncased,encoder.layer.7.attention.self.query.weight,attn_qkv,7,"(768, 768)",1.0,768,768,0.13439769092538245,0.16270289374875457,0.16262640134541628,0.1625271189275802,False
bert-base-uncased,encoder.layer.7.attention.self.key.weight,attn_qkv,7,"(768, 768)",1.0,768,768,0.1381529110776884,0.16346316048671572,0.16338233797739982,0.16410825639378462,False
bert-base-uncased,encoder.layer.7.attention.self.value.weight,attn_qkv,7,"(768, 768)",1.0,768,768,0.039559916212557056,0.048425034938713474,0.04835039130760216,0.04886916182621098,False
bert-base-uncased,encoder.layer.7.attention.output.dense.weight,attn_out,7,"(768, 768)",1.0,768,768,0.027978466845257732,0.035006631554423406,0.03484663152892331,0.03463896137225153,False
bert-base-uncased,encoder.layer.7.intermediate.dense.weight,ffn_intermediate,7,"(3072, 768)",0.25,768,3072,0.11482741625659884,0.09838710564284764,0.09726342233026763,0.09486114953499247,False
bert-base-uncased,encoder.layer.7.output.dense.weight,ffn_output,7,"(768, 3072)",0.25,768,3072,0.10396874096105885,0.10759698865418887,0.10616202756489734,0.10434303550518709,False
bert-base-uncased,encoder.layer.8.attention.self.query.weight,attn_qkv,8,"(768, 768)",1.0,768,768,0.11776438323728639,0.1453427837135547,0.14526100293457056,0.14597487557718902,False
bert-base-uncased,encoder.layer.8.attention.self.key.weight,attn_qkv,8,"(768, 768)",1.0,768,768,0.1212898523042833,0.14703641739065426,0.14694794275391443,0.14770262446829902,False
bert-base-uncased,encoder.layer.8.attention.self.value.weight,attn_qkv,8,"(768, 768)",1.0,768,768,0.0623513506908534,0.08198238029768051,0.08190297942740682,0.08179992199902153,False
bert-base-uncased,encoder.layer.8.attention.output.dense.weight,attn_out,8,"(768, 768)",1.0,768,768,0.0355276268871233,0.05743023778228318,0.05730496674451302,0.0581517902635057,False
bert-base-uncased,encoder.layer.8.intermediate.dense.weight,ffn_intermediate,8,"(3072, 768)",0.25,768,3072,0.11898524027401419,0.09745409019030488,0.0953966437609503,0.09363803079099609,False
bert-base-uncased,encoder.layer.8.output.dense.weight,ffn_output,8,"(768, 3072)",0.25,768,3072,0.07420764817128486,0.07734695034208411,0.07623451123980834,0.07537625395557673,False
bert-base-uncased,encoder.layer.9.attention.self.query.weight,attn_qkv,9,"(768, 768)",1.0,768,768,0.09442124844767263,0.11806058249436163,0.11797756005135113,0.11786980204510467,False
bert-base-uncased,encoder.layer.9.attention.self.key.weight,attn_qkv,9,"(768, 768)",1.0,768,768,0.09633301600610261,0.11998637219232566,0.11990235849142433,0.11979331389362352,False
bert-base-uncased,encoder.layer.9.attention.self.value.weight,attn_qkv,9,"(768, 768)",1.0,768,768,0.03767928739486742,0.04213191287722229,0.0420775648347117,0.04246023643867203,False
bert-base-uncased,encoder.layer.9.attention.output.dense.weight,attn_out,9,"(768, 768)",1.0,768,768,0.014991992526403708,0.02517152355467578,0.02502343866997514,0.025944301784586288,False
bert-base-uncased,encoder.layer.9.intermediate.dense.weight,ffn_intermediate,9,"(3072, 768)",0.25,768,3072,0.1418084631159365,0.11589640537907908,0.1132935688940071,0.11091508002989742,False
bert-base-uncased,encoder.layer.9.output.dense.weight,ffn_output,9,"(768, 3072)",0.25,768,3072,0.04833345694835409,0.04628007712744531,0.04568086980414787,0.04549313235840419,False
bert-base-uncased,encoder.layer.10.attention.self.query.weight,attn_qkv,10,"(768, 768)",1.0,768,768,0.09337906705125132,0.11226624828885995,0.11219050241547973,0.11281106316468387,False
bert-base-uncased,encoder.layer.10.attention.self.key.weight,attn_qkv,10,"(768, 768)",1.0,768,768,0.09282784300120361,0.11035428158466631,0.11027905535513749,0.11018141635274825,False
bert-base-uncased,encoder.layer.10.attention.self.value.weight,attn_qkv,10,"(768, 768)",1.0,768,768,0.04497829228649364,0.04809005697410734,0.04802994620539519,0.047951926138103895,False
bert-base-uncased,encoder.layer.10.attention.output.dense.weight,attn_out,10,"(768, 768)",1.0,768,768,0.03747427444172208,0.039493279134181436,0.0394336967959088,0.03935636259870928,False
bert-base-uncased,encoder.layer.10.intermediate.dense.weight,ffn_intermediate,10,"(3072, 768)",0.25,768,3072,0.1400682161545479,0.11400812054407727,0.11207175671527192,0.10954975308324022,False
bert-base-uncased,encoder.layer.10.output.dense.weight,ffn_output,10,"(768, 3072)",0.25,768,3072,0.05380136612426974,0.04095064732711623,0.04099258197809502,0.03906433141213195,False
bert-base-uncased,encoder.layer.11.attention.self.query.weight,attn_qkv,11,"(768, 768)",1.0,768,768,0.09454501001206422,0.11345604089203704,0.11336753273002326,0.11325265459913109,False
bert-base-uncased,encoder.layer.11.attention.self.key.weight,attn_qkv,11,"(768, 768)",1.0,768,768,0.08918182642122302,0.11203788249921648,0.11195602618894063,0.11184978175100102,False
bert-base-uncased,encoder.layer.11.attention.self.value.weight,attn_qkv,11,"(768, 768)",1.0,768,768,0.0588119104201153,0.06783572781176,0.06837564081257841,0.06828410165598792,False
bert-base-uncased,encoder.layer.11.attention.output.dense.weight,attn_out,11,"(768, 768)",1.0,768,768,0.03659058740799681,0.03902574637127304,0.03896718486846501,0.039845904162613854,False
bert-base-uncased,encoder.layer.11.intermediate.dense.weight,ffn_intermediate,11,"(3072, 768)",0.25,768,3072,0.10833296096244613,0.08648939038955933,0.0853390323419766,0.08379940173130301,False
bert-base-uncased,encoder.layer.11.output.dense.weight,ffn_output,11,"(768, 3072)",0.25,768,3072,0.17768984972160978,0.03950829068935857,0.03911321119818956,0.03860619369611096,False
bert-base-uncased,pooler.dense.weight,pooler,-1,"(768, 768)",1.0,768,768,0.2886487175998557,0.2999026647188749,0.2998220345872121,0.29971738165342326,False
albert-base-v2,embeddings.word_embeddings.weight,emb_word,-1,"(30000, 128)",0.004266666666666667,128,30000,0.43739409568069537,0.0965513574377598,0.09751858008279349,0.10549477592227927,False
albert-base-v2,embeddings.position_embeddings.weight,emb_position,-1,"(512, 128)",0.25,128,512,0.921875,0.5615137960177057,0.5671095431145208,0.5739783607575047,False
albert-base-v2,embeddings.token_type_embeddings.weight,emb_token_type,-1,"(2, 128)",0.015625,2,128,nan,nan,nan,nan,True
albert-base-v2,encoder.embedding_hidden_mapping_in.weight,emb_projection,-1,"(768, 128)",0.16666666666666666,128,768,0.15807195123707846,0.2296772517325742,0.22463674547961154,0.21828683326892884,False
albert-base-v2,encoder.albert_layer_groups.0.albert_layers.0.attention.query.weight,attn_qkv,0,"(768, 768)",1.0,768,768,0.12131641678759769,0.14640495670162612,0.14705501629297546,0.1469667399857838,False
albert-base-v2,encoder.albert_layer_groups.0.albert_layers.0.attention.key.weight,attn_qkv,0,"(768, 768)",1.0,768,768,0.135036358824688,0.16014328941267275,0.16007264120896342,0.16073899492819976,False
albert-base-v2,encoder.albert_layer_groups.0.albert_layers.0.attention.value.weight,attn_qkv,0,"(768, 768)",1.0,768,768,0.06672158327046401,0.08386897431395396,0.08379754615000556,0.08435376606900391,False
albert-base-v2,encoder.albert_layer_groups.0.albert_layers.0.attention.dense.weight,attn_out,0,"(768, 768)",1.0,768,768,0.070525998268654,0.08152475367873532,0.08148416053760987,0.08143147314614868,False
albert-base-v2,encoder.albert_layer_groups.0.albert_layers.0.ffn.weight,ffn_intermediate,0,"(3072, 768)",0.25,768,3072,0.1852593042348652,0.08764821186750349,0.0848795233206937,0.08351835830614368,False
albert-base-v2,encoder.albert_layer_groups.0.albert_layers.0.ffn_output.weight,ffn_output,0,"(768, 3072)",0.25,768,3072,0.1923414835634325,0.07259630314208404,0.06943789681249346,0.0673057061943429,False
albert-base-v2,pooler.weight,pooler,-1,"(768, 768)",1.0,768,768,0.3345755770117221,0.3477739199098337,0.347717922106748,0.3476452404149561,False
