model,name,family,layer,shape,beta,p,N,Dstrict,DTW2,n_spikes,spike_energy,boot_p_TW,degenerate
google/vit-base-patch16-224,encoder.layer.0.attention.attention.query.weight,attn_qkv,0,"(768, 768)",1.0,768,768,0.4788697429437856,0.5296779951480599,51,0.746527988401312,0.004975124378109453,False
google/vit-base-patch16-224,encoder.layer.0.attention.attention.key.weight,attn_qkv,0,"(768, 768)",1.0,768,768,0.4828948151402004,0.5300779598657231,47,0.76384050974323,0.004975124378109453,False
google/vit-base-patch16-224,encoder.layer.0.attention.attention.value.weight,attn_qkv,0,"(768, 768)",1.0,768,768,0.2271641659013527,0.2738126319768336,61,0.4788105147547872,0.004975124378109453,False
google/vit-base-patch16-224,encoder.layer.0.attention.output.dense.weight,attn_out,0,"(768, 768)",1.0,768,768,0.21389833848625728,0.2565721750082842,54,0.46171793082474966,0.004975124378109453,False
google/vit-base-patch16-224,encoder.layer.1.attention.attention.query.weight,attn_qkv,1,"(768, 768)",1.0,768,768,0.408832235933213,0.4579907551345787,55,0.6961979381024261,0.004975124378109453,False
google/vit-base-patch16-224,encoder.layer.1.attention.attention.key.weight,attn_qkv,1,"(768, 768)",1.0,768,768,0.4417511698198707,0.49188252848395714,52,0.729816440102719,0.004975124378109453,False
google/vit-base-patch16-224,encoder.layer.1.attention.attention.value.weight,attn_qkv,1,"(768, 768)",1.0,768,768,0.20531997355618858,0.24945793400933453,59,0.46098922368772666,0.004975124378109453,False
google/vit-base-patch16-224,encoder.layer.1.attention.output.dense.weight,attn_out,1,"(768, 768)",1.0,768,768,0.1719732638268351,0.20166472185737466,45,0.3262310325065462,0.004975124378109453,False
google/vit-base-patch16-224,encoder.layer.2.attention.attention.query.weight,attn_qkv,2,"(768, 768)",1.0,768,768,0.29064560017318625,0.336599288199792,56,0.5746686398743643,0.004975124378109453,False
google/vit-base-patch16-224,encoder.layer.2.attention.attention.key.weight,attn_qkv,2,"(768, 768)",1.0,768,768,0.3264451300516989,0.3682007837667049,51,0.5865938574362355,0.004975124378109453,False
google/vit-base-patch16-224,encoder.layer.2.attention.attention.value.weight,attn_qkv,2,"(768, 768)",1.0,768,768,0.21301027433341274,0.2630885733148654,60,0.4974312315116065,0.004975124378109453,False
google/vit-base-patch16-224,encoder.layer.2.attention.output.dense.weight,attn_out,2,"(768, 768)",1.0,768,768,0.15737293426630744,0.1875750998213846,47,0.3249665186631145,0.004975124378109453,False
google/vit-base-patch16-224,encoder.layer.3.attention.attention.query.weight,attn_qkv,3,"(768, 768)",1.0,768,768,0.22132836579354087,0.2630576303149881,53,0.48272610796435506,0.004975124378109453,False
google/vit-base-patch16-224,encoder.layer.3.attention.attention.key.weight,attn_qkv,3,"(768, 768)",1.0,768,768,0.2544344988930495,0.29305613137435893,49,0.5087101654348818,0.004975124378109453,False
google/vit-base-patch16-224,encoder.layer.3.attention.attention.value.weight,attn_qkv,3,"(768, 768)",1.0,768,768,0.20151669022518942,0.24889351689632438,56,0.4824907051613476,0.004975124378109453,False
google/vit-base-patch16-224,encoder.layer.3.attention.output.dense.weight,attn_out,3,"(768, 768)",1.0,768,768,0.11498792258682522,0.1413089104786553,38,0.25299516046797293,0.004975124378109453,False
google/vit-base-patch16-224,encoder.layer.4.attention.attention.query.weight,attn_qkv,4,"(768, 768)",1.0,768,768,0.1867346687159792,0.22476908790170846,49,0.4405834526577248,0.004975124378109453,False
google/vit-base-patch16-224,encoder.layer.4.attention.attention.key.weight,attn_qkv,4,"(768, 768)",1.0,768,768,0.21282287967455155,0.2500320007283766,49,0.4559033180928788,0.004975124378109453,False
google/vit-base-patch16-224,encoder.layer.4.attention.attention.value.weight,attn_qkv,4,"(768, 768)",1.0,768,768,0.18768572668365718,0.23564765186825654,55,0.45838447729519666,0.004975124378109453,False
google/vit-base-patch16-224,encoder.layer.4.attention.output.dense.weight,attn_out,4,"(768, 768)",1.0,768,768,0.09123845356954191,0.11310204242262151,32,0.21562765073280205,0.004975124378109453,False
google/vit-base-patch16-224,encoder.layer.5.attention.attention.query.weight,attn_qkv,5,"(768, 768)",1.0,768,768,0.1735791395277816,0.21114637738502234,48,0.43654286657102387,0.004975124378109453,False
google/vit-base-patch16-224,encoder.layer.5.attention.attention.key.weight,attn_qkv,5,"(768, 768)",1.0,768,768,0.1671439365556679,0.20061139655076132,45,0.3798693532228061,0.004975124378109453,False
google/vit-base-patch16-224,encoder.layer.5.attention.attention.value.weight,attn_qkv,5,"(768, 768)",1.0,768,768,0.1664676580362095,0.21093831828595727,53,0.4195488004260862,0.004975124378109453,False
google/vit-base-patch16-224,encoder.layer.5.attention.output.dense.weight,attn_out,5,"(768, 768)",1.0,768,768,0.06922748984257582,0.08430691157643289,25,0.1632388773501035,0.004975124378109453,False
google/vit-base-patch16-224,encoder.layer.6.attention.attention.query.weight,attn_qkv,6,"(768, 768)",1.0,768,768,0.1452220543570003,0.1834398205585862,45,0.3977361823773698,0.004975124378109453,False
google/vit-base-patch16-224,encoder.layer.6.attention.attention.key.weight,attn_qkv,6,"(768, 768)",1.0,768,768,0.13448122444778587,0.164925415428819,40,0.32568615733192485,0.004975124378109453,False
google/vit-base-patch16-224,encoder.layer.6.attention.attention.value.weight,attn_qkv,6,"(768, 768)",1.0,768,768,0.13196949693229693,0.17212883436459675,49,0.36494483387183024,0.004975124378109453,False
google/vit-base-patch16-224,encoder.layer.6.attention.output.dense.weight,attn_out,6,"(768, 768)",1.0,768,768,0.035957480169511,0.0470149181650486,17,0.10441780667242101,0.004975124378109453,False
google/vit-base-patch16-224,encoder.layer.7.attention.attention.query.weight,attn_qkv,7,"(768, 768)",1.0,768,768,0.1264453729413182,0.160190676408546,41,0.3647684989875261,0.004975124378109453,False
google/vit-base-patch16-224,encoder.layer.7.attention.attention.key.weight,attn_qkv,7,"(768, 768)",1.0,768,768,0.10799016828623753,0.1339261983617029,36,0.2805776822094698,0.004975124378109453,False
google/vit-base-patch16-224,encoder.layer.7.attention.attention.value.weight,attn_qkv,7,"(768, 768)",1.0,768,768,0.11066483398446503,0.1485890008372146,47,0.3335714720270764,0.004975124378109453,False
google/vit-base-patch16-224,encoder.layer.7.attention.output.dense.weight,attn_out,7,"(768, 768)",1.0,768,768,0.014200416759822088,0.017164628011927863,7,0.040749448788943696,0.004975124378109453,False
google/vit-base-patch16-224,encoder.layer.8.attention.attention.query.weight,attn_qkv,8,"(768, 768)",1.0,768,768,0.11219303138507009,0.14399637691447031,38,0.33721233125003464,0.004975124378109453,False
google/vit-base-patch16-224,encoder.layer.8.attention.attention.key.weight,attn_qkv,8,"(768, 768)",1.0,768,768,0.08544951935361916,0.1079806949090889,31,0.23517146292389465,0.004975124378109453,False
google/vit-base-patch16-224,encoder.layer.8.attention.attention.value.weight,attn_qkv,8,"(768, 768)",1.0,768,768,0.07762722694893165,0.10766726904407553,37,0.24787000279154467,0.004975124378109453,False
google/vit-base-patch16-224,encoder.layer.8.attention.output.dense.weight,attn_out,8,"(768, 768)",1.0,768,768,0.015161233194638857,0.016829287884263577,4,0.022766857621497813,0.004975124378109453,False
google/vit-base-patch16-224,encoder.layer.9.attention.attention.query.weight,attn_qkv,9,"(768, 768)",1.0,768,768,0.08203338621032574,0.11006435593776331,33,0.2679606714008931,0.004975124378109453,False
google/vit-base-patch16-224,encoder.layer.9.attention.attention.key.weight,attn_qkv,9,"(768, 768)",1.0,768,768,0.05680994435666431,0.07296888518973765,22,0.15983275298705613,0.004975124378109453,False
google/vit-base-patch16-224,encoder.layer.9.attention.attention.value.weight,attn_qkv,9,"(768, 768)",1.0,768,768,0.051027837854599634,0.07253798943480849,28,0.17800917540961916,0.004975124378109453,False
google/vit-base-patch16-224,encoder.layer.9.attention.output.dense.weight,attn_out,9,"(768, 768)",1.0,768,768,0.011612527553759744,0.012339283967534309,3,0.017768215126152048,0.004975124378109453,False
google/vit-base-patch16-224,encoder.layer.10.attention.attention.query.weight,attn_qkv,10,"(768, 768)",1.0,768,768,0.053874957151551994,0.07177803316602405,23,0.17697117585472733,0.004975124378109453,False
google/vit-base-patch16-224,encoder.layer.10.attention.attention.key.weight,attn_qkv,10,"(768, 768)",1.0,768,768,0.033829213838233896,0.04373202980868185,14,0.10479910511775306,0.004975124378109453,False
google/vit-base-patch16-224,encoder.layer.10.attention.attention.value.weight,attn_qkv,10,"(768, 768)",1.0,768,768,0.020347786070104346,0.030888162810008724,14,0.08710138651910404,0.004975124378109453,False
google/vit-base-patch16-224,encoder.layer.10.attention.output.dense.weight,attn_out,10,"(768, 768)",1.0,768,768,0.01698529362879253,0.019037706423392087,2,0.01391867782468643,0.004975124378109453,False
google/vit-base-patch16-224,encoder.layer.11.attention.attention.query.weight,attn_qkv,11,"(768, 768)",1.0,768,768,0.03720668732037857,0.04753364242930869,15,0.11093481154951682,0.004975124378109453,False
google/vit-base-patch16-224,encoder.layer.11.attention.attention.key.weight,attn_qkv,11,"(768, 768)",1.0,768,768,0.037170330265436036,0.04633426130319851,11,0.1298088843275322,0.004975124378109453,False
google/vit-base-patch16-224,encoder.layer.11.attention.attention.value.weight,attn_qkv,11,"(768, 768)",1.0,768,768,0.1343838987716449,0.1352111847541823,1,0.016105869162214487,0.004975124378109453,False
google/vit-base-patch16-224,encoder.layer.11.attention.output.dense.weight,attn_out,11,"(768, 768)",1.0,768,768,0.23822460299388284,0.23919936005984074,1,0.009539484001685104,0.004975124378109453,False
google/vit-base-patch16-224,pooler.dense.weight,pooler,-1,"(768, 768)",1.0,768,768,0.00592804307257741,0.004780515496073001,0,0.0,0.7064676616915423,False
google/vit-base-patch16-224,encoder.layer.0.intermediate.dense.weight,ffn_intermediate,0,"(3072, 768)",0.25,768,3072,0.6492963469972161,0.32151888594471373,113,0.7772635591939733,0.004975124378109453,False
google/vit-base-patch16-224,encoder.layer.0.output.dense.weight,ffn_output,0,"(768, 3072)",0.25,768,3072,0.5092879333730878,0.2711187255699053,103,0.6452768893648753,0.004975124378109453,False
google/vit-base-patch16-224,encoder.layer.1.intermediate.dense.weight,ffn_intermediate,1,"(3072, 768)",0.25,768,3072,0.5179239084011354,0.18425792860471735,110,0.6440276073141654,0.004975124378109453,False
google/vit-base-patch16-224,encoder.layer.1.output.dense.weight,ffn_output,1,"(768, 3072)",0.25,768,3072,0.39025927369324576,0.201748569683884,94,0.5200870539999258,0.004975124378109453,False
google/vit-base-patch16-224,encoder.layer.2.intermediate.dense.weight,ffn_intermediate,2,"(3072, 768)",0.25,768,3072,0.4420117413482632,0.15540590048578373,104,0.5567707324645734,0.004975124378109453,False
google/vit-base-patch16-224,encoder.layer.2.output.dense.weight,ffn_output,2,"(768, 3072)",0.25,768,3072,0.29600087157328125,0.2001826150302381,86,0.43746972911971255,0.004975124378109453,False
google/vit-base-patch16-224,encoder.layer.3.intermediate.dense.weight,ffn_intermediate,3,"(3072, 768)",0.25,768,3072,0.37373853751577124,0.14373787640789898,95,0.4885526371041196,0.004975124378109453,False
google/vit-base-patch16-224,encoder.layer.3.output.dense.weight,ffn_output,3,"(768, 3072)",0.25,768,3072,0.24357577078532006,0.18920990798214343,78,0.38255448745305376,0.004975124378109453,False
google/vit-base-patch16-224,encoder.layer.4.intermediate.dense.weight,ffn_intermediate,4,"(3072, 768)",0.25,768,3072,0.32790169379540957,0.1649681499788616,91,0.4594775732891623,0.004975124378109453,False
google/vit-base-patch16-224,encoder.layer.4.output.dense.weight,ffn_output,4,"(768, 3072)",0.25,768,3072,0.18053886245681508,0.149588745159158,67,0.30526384455853695,0.004975124378109453,False
google/vit-base-patch16-224,encoder.layer.5.intermediate.dense.weight,ffn_intermediate,5,"(3072, 768)",0.25,768,3072,0.3039820270179721,0.17741299932397858,83,0.43452576884853794,0.004975124378109453,False
google/vit-base-patch16-224,encoder.layer.5.output.dense.weight,ffn_output,5,"(768, 3072)",0.25,768,3072,0.13083851718107398,0.11693364434820502,58,0.2407698946013831,0.004975124378109453,False
google/vit-base-patch16-224,encoder.layer.6.intermediate.dense.weight,ffn_intermediate,6,"(3072, 768)",0.25,768,3072,0.26656241620144105,0.17161918279513466,76,0.39075366596459965,0.004975124378109453,False
google/vit-base-patch16-224,encoder.layer.6.output.dense.weight,ffn_output,6,"(768, 3072)",0.25,768,3072,0.1020223128293807,0.09185377702765396,50,0.19266244165731275,0.004975124378109453,False
google/vit-base-patch16-224,encoder.layer.7.intermediate.dense.weight,ffn_intermediate,7,"(3072, 768)",0.25,768,3072,0.21481481019092616,0.1473105092421984,73,0.33443556076457803,0.004975124378109453,False
google/vit-base-patch16-224,encoder.layer.7.output.dense.weight,ffn_output,7,"(768, 3072)",0.25,768,3072,0.0780096096476462,0.06771214124977482,40,0.14172306585132835,0.004975124378109453,False
google/vit-base-patch16-224,encoder.layer.8.intermediate.dense.weight,ffn_intermediate,8,"(3072, 768)",0.25,768,3072,0.15807509834687503,0.11132356966511914,61,0.2593118015124552,0.004975124378109453,False
google/vit-base-patch16-224,encoder.layer.8.output.dense.weight,ffn_output,8,"(768, 3072)",0.25,768,3072,0.07756254689616504,0.05911553003986031,37,0.1274282819804657,0.004975124378109453,False
google/vit-base-patch16-224,encoder.layer.9.intermediate.dense.weight,ffn_intermediate,9,"(3072, 768)",0.25,768,3072,0.09092899363267933,0.054265386682915584,37,0.14519718751983038,0.004975124378109453,False
google/vit-base-patch16-224,encoder.layer.9.output.dense.weight,ffn_output,9,"(768, 3072)",0.25,768,3072,0.09369956866078549,0.0618435037490942,42,0.13977276998647523,0.004975124378109453,False
google/vit-base-patch16-224,encoder.layer.10.intermediate.dense.weight,ffn_intermediate,10,"(3072, 768)",0.25,768,3072,0.05024183710088988,0.01894945697295683,16,0.0666543102994804,0.004975124378109453,False
google/vit-base-patch16-224,encoder.layer.10.output.dense.weight,ffn_output,10,"(768, 3072)",0.25,768,3072,0.12839728434533904,0.038997526483336736,40,0.13067056764279406,0.004975124378109453,False
google/vit-base-patch16-224,encoder.layer.11.intermediate.dense.weight,ffn_intermediate,11,"(3072, 768)",0.25,768,3072,0.09107667293810144,0.03688623855174017,28,0.10935830160806016,0.004975124378109453,False
google/vit-base-patch16-224,encoder.layer.11.output.dense.weight,ffn_output,11,"(768, 3072)",0.25,768,3072,0.13181083159337606,0.12294187513268956,64,0.23504575041440345,0.004975124378109453,False
