model,name,family,beta,D_TW,alpha,alpha_ww,xmin,pl_ks,n_tail
bert-base-uncased,embeddings.word_embeddings.weight,emb_word,0.0252,0.1154,3.231,nan,0.9127145079578365,0.0845,321
bert-base-uncased,embeddings.position_embeddings.weight,emb_position,0.6667,0.5595,1.75,nan,0.08032727572764908,0.0949,298
bert-base-uncased,encoder.layer.0.attention.self.query.weight,attn_qkv,1.0,0.1456,2.761,nan,2.009335932309415,0.0268,110
bert-base-uncased,encoder.layer.0.attention.self.key.weight,attn_qkv,1.0,0.1347,3.104,nan,2.3363025820691923,0.0364,96
bert-base-uncased,encoder.layer.0.attention.self.value.weight,attn_qkv,1.0,0.1111,4.229,nan,3.266872309796702,0.0777,59
bert-base-uncased,encoder.layer.0.attention.output.dense.weight,attn_out,1.0,0.1217,3.043,nan,2.1929582108366277,0.0755,110
bert-base-uncased,encoder.layer.0.intermediate.dense.weight,ffn_intermediate,0.25,0.0803,3.607,nan,1.2600140732267076,0.0581,198
bert-base-uncased,encoder.layer.0.output.dense.weight,ffn_output,0.25,0.0564,4.411,nan,1.549477430446314,0.0344,140
bert-base-uncased,encoder.layer.1.attention.self.query.weight,attn_qkv,1.0,0.1281,2.783,nan,1.8411805273930593,0.0325,126
bert-base-uncased,encoder.layer.1.attention.self.key.weight,attn_qkv,1.0,0.1497,2.785,nan,2.159885814128805,0.0289,99
bert-base-uncased,encoder.layer.1.attention.self.value.weight,attn_qkv,1.0,0.1138,3.804,nan,3.3683092368291816,0.0686,53
bert-base-uncased,encoder.layer.1.attention.output.dense.weight,attn_out,1.0,0.1101,3.961,nan,3.506359575777843,0.071,49
bert-base-uncased,encoder.layer.1.intermediate.dense.weight,ffn_intermediate,0.25,0.0876,2.825,nan,2.682060810081411,0.0417,24
bert-base-uncased,encoder.layer.1.output.dense.weight,ffn_output,0.25,0.0884,4.062,nan,1.7328536335961966,0.0412,110
bert-base-uncased,encoder.layer.2.attention.self.query.weight,attn_qkv,1.0,0.1321,2.811,nan,1.755347708593906,0.0373,136
bert-base-uncased,encoder.layer.2.attention.self.key.weight,attn_qkv,1.0,0.1602,2.847,nan,2.447320282025579,0.0293,84
bert-base-uncased,encoder.layer.2.attention.self.value.weight,attn_qkv,1.0,0.1173,5.334,nan,4.858128355104742,0.0593,24
bert-base-uncased,encoder.layer.2.attention.output.dense.weight,attn_out,1.0,0.1045,4.831,nan,3.890655733164824,0.0318,36
bert-base-uncased,encoder.layer.2.intermediate.dense.weight,ffn_intermediate,0.25,0.1205,3.169,nan,1.1910418035685746,0.0259,203
bert-base-uncased,encoder.layer.2.output.dense.weight,ffn_output,0.25,0.0952,3.859,nan,1.7179660262315224,0.0145,103
bert-base-uncased,encoder.layer.3.attention.self.query.weight,attn_qkv,1.0,0.1246,2.922,nan,2.093986547287654,0.0298,110
bert-base-uncased,encoder.layer.3.attention.self.key.weight,attn_qkv,1.0,0.1313,2.946,nan,2.14433192223466,0.0325,103
bert-base-uncased,encoder.layer.3.attention.self.value.weight,attn_qkv,1.0,0.1404,4.226,nan,4.227427694320693,0.0609,37
bert-base-uncased,encoder.layer.3.attention.output.dense.weight,attn_out,1.0,0.0913,5.114,nan,4.129627020434717,0.0345,29
bert-base-uncased,encoder.layer.3.intermediate.dense.weight,ffn_intermediate,0.25,0.1107,3.373,nan,1.3436159833641872,0.0144,168
bert-base-uncased,encoder.layer.3.output.dense.weight,ffn_output,0.25,0.0997,3.953,nan,1.7385746241772562,0.0321,103
bert-base-uncased,encoder.layer.4.attention.self.query.weight,attn_qkv,1.0,0.127,3.049,nan,2.2972884342544657,0.0554,99
bert-base-uncased,encoder.layer.4.attention.self.key.weight,attn_qkv,1.0,0.1224,3.002,nan,2.1021227648259764,0.0318,108
bert-base-uncased,encoder.layer.4.attention.self.value.weight,attn_qkv,1.0,0.1188,5.146,nan,4.50536557540764,0.0695,29
bert-base-uncased,encoder.layer.4.attention.output.dense.weight,attn_out,1.0,0.0689,5.69,nan,3.7610325037332744,0.0373,30
bert-base-uncased,encoder.layer.4.intermediate.dense.weight,ffn_intermediate,0.25,0.0961,3.607,nan,1.4908906508251558,0.0152,140
bert-base-uncased,encoder.layer.4.output.dense.weight,ffn_output,0.25,0.1048,3.727,nan,1.616773569335953,0.0317,123
bert-base-uncased,encoder.layer.5.attention.self.query.weight,attn_qkv,1.0,0.1225,3.177,nan,2.3605458212732366,0.0274,97
bert-base-uncased,encoder.layer.5.attention.self.key.weight,attn_qkv,1.0,0.1199,2.928,nan,1.878119591888032,0.0411,122
bert-base-uncased,encoder.layer.5.attention.self.value.weight,attn_qkv,1.0,0.1068,3.319,nan,2.4307296135496346,0.0705,95
bert-base-uncased,encoder.layer.5.attention.output.dense.weight,attn_out,1.0,0.0619,6.604,nan,3.6289877546515545,0.0368,31
bert-base-uncased,encoder.layer.5.intermediate.dense.weight,ffn_intermediate,0.25,0.1,3.736,nan,1.6231717720723815,0.0207,119
bert-base-uncased,encoder.layer.5.output.dense.weight,ffn_output,0.25,0.1189,3.498,nan,1.519444034838479,0.0386,140
bert-base-uncased,encoder.layer.6.attention.self.query.weight,attn_qkv,1.0,0.1451,3.234,nan,3.169495966994388,0.0585,60
bert-base-uncased,encoder.layer.6.attention.self.key.weight,attn_qkv,1.0,0.1428,2.901,nan,2.160448933716599,0.025,102
bert-base-uncased,encoder.layer.6.attention.self.value.weight,attn_qkv,1.0,0.0793,6.101,nan,4.48253977468651,0.055,21
bert-base-uncased,encoder.layer.6.attention.output.dense.weight,attn_out,1.0,0.0472,6.838,nan,3.783193867610388,0.0435,23
bert-base-uncased,encoder.layer.6.intermediate.dense.weight,ffn_intermediate,0.25,0.1001,3.707,nan,1.603188932020358,0.0206,119
bert-base-uncased,encoder.layer.6.output.dense.weight,ffn_output,0.25,0.1356,4.713,nan,3.1936109374244253,0.0407,28
bert-base-uncased,encoder.layer.7.attention.self.query.weight,attn_qkv,1.0,0.1626,2.956,nan,2.565406620973748,0.0365,86
bert-base-uncased,encoder.layer.7.attention.self.key.weight,attn_qkv,1.0,0.1634,2.772,nan,2.1941787862894095,0.0259,97
bert-base-uncased,encoder.layer.7.attention.self.value.weight,attn_qkv,1.0,0.0484,4.439,nan,2.6294913676088356,0.0527,75
bert-base-uncased,encoder.layer.7.attention.output.dense.weight,attn_out,1.0,0.0348,5.1,nan,2.270895841840408,0.0614,93
bert-base-uncased,encoder.layer.7.intermediate.dense.weight,ffn_intermediate,0.25,0.0973,3.773,nan,1.6478747734251948,0.0179,115
bert-base-uncased,encoder.layer.7.output.dense.weight,ffn_output,0.25,0.1062,5.684,nan,3.0707758001833803,0.0435,23
bert-base-uncased,encoder.layer.8.attention.self.query.weight,attn_qkv,1.0,0.1453,3.381,nan,3.165752947558257,0.0507,64
bert-base-uncased,encoder.layer.8.attention.self.key.weight,attn_qkv,1.0,0.1469,2.893,nan,2.2860218214486823,0.0265,96
bert-base-uncased,encoder.layer.8.attention.self.value.weight,attn_qkv,1.0,0.0819,4.079,nan,2.751288729261235,0.0739,76
bert-base-uncased,encoder.layer.8.attention.output.dense.weight,attn_out,1.0,0.0573,3.293,nan,1.8295358548266896,0.0814,146
bert-base-uncased,encoder.layer.8.intermediate.dense.weight,ffn_intermediate,0.25,0.0954,3.892,nan,1.69565418066301,0.0185,111
bert-base-uncased,encoder.layer.8.output.dense.weight,ffn_output,0.25,0.0762,4.969,nan,2.0182556967576017,0.036,64
bert-base-uncased,encoder.layer.9.attention.self.query.weight,attn_qkv,1.0,0.118,3.649,nan,3.3430057020237562,0.0405,52
bert-base-uncased,encoder.layer.9.attention.self.key.weight,attn_qkv,1.0,0.1199,3.266,nan,2.95204985787282,0.028,61
bert-base-uncased,encoder.layer.9.attention.self.value.weight,attn_qkv,1.0,0.0421,7.017,nan,3.225634367314606,0.047,39
bert-base-uncased,encoder.layer.9.attention.output.dense.weight,attn_out,1.0,0.025,7.646,nan,3.524697301649461,0.0474,22
bert-base-uncased,encoder.layer.9.intermediate.dense.weight,ffn_intermediate,0.25,0.1133,3.786,nan,1.8334659020300075,0.0272,92
bert-base-uncased,encoder.layer.9.output.dense.weight,ffn_output,0.25,0.0457,6.456,nan,1.9152949838404665,0.0513,68
bert-base-uncased,encoder.layer.10.attention.self.query.weight,attn_qkv,1.0,0.1122,3.707,nan,2.812644589492226,0.0262,73
bert-base-uncased,encoder.layer.10.attention.self.key.weight,attn_qkv,1.0,0.1103,3.827,nan,2.8964052567080647,0.0283,69
bert-base-uncased,encoder.layer.10.attention.self.value.weight,attn_qkv,1.0,0.048,7.162,nan,3.0137306317768675,0.0603,55
bert-base-uncased,encoder.layer.10.attention.output.dense.weight,attn_out,1.0,0.0394,7.086,nan,2.828731926503405,0.0735,64
bert-base-uncased,encoder.layer.10.intermediate.dense.weight,ffn_intermediate,0.25,0.1121,3.871,nan,2.117821457228828,0.0322,70
bert-base-uncased,encoder.layer.10.output.dense.weight,ffn_output,0.25,0.041,10.642,nan,2.2923308593252174,0.0403,26
bert-base-uncased,encoder.layer.11.attention.self.query.weight,attn_qkv,1.0,0.1134,3.187,nan,2.412560838551875,0.0248,84
bert-base-uncased,encoder.layer.11.attention.self.key.weight,attn_qkv,1.0,0.112,3.486,nan,2.995166827765529,0.0227,61
bert-base-uncased,encoder.layer.11.attention.self.value.weight,attn_qkv,1.0,0.0684,10.91,nan,3.74551952237395,0.1025,28
bert-base-uncased,encoder.layer.11.attention.output.dense.weight,attn_out,1.0,0.039,8.206,nan,3.1948654267812127,0.0969,46
bert-base-uncased,encoder.layer.11.intermediate.dense.weight,ffn_intermediate,0.25,0.0853,4.055,nan,1.8938020790141605,0.0258,83
bert-base-uncased,encoder.layer.11.output.dense.weight,ffn_output,0.25,0.0391,7.935,nan,2.3287619600393716,0.0552,49
bert-base-uncased,pooler.dense.weight,pooler,1.0,0.2998,2.228,nan,0.6187955219039568,0.0468,178
bert-large-uncased,embeddings.word_embeddings.weight,emb_word,0.0335,0.0985,3.237,nan,0.9561033072027242,0.0413,384
bert-large-uncased,embeddings.position_embeddings.weight,emb_position,0.5,0.402,1.99,nan,0.2159560795813608,0.1103,292
bert-large-uncased,encoder.layer.0.attention.self.query.weight,attn_qkv,1.0,0.132,2.91,nan,2.0387334306045353,0.038,148
bert-large-uncased,encoder.layer.0.attention.self.key.weight,attn_qkv,1.0,0.1158,3.562,nan,2.8632496709755992,0.0247,92
bert-large-uncased,encoder.layer.0.attention.self.value.weight,attn_qkv,1.0,0.1122,8.179,nan,4.424953713929412,0.0388,33
bert-large-uncased,encoder.layer.0.attention.output.dense.weight,attn_out,1.0,0.1244,4.026,nan,3.5303439949904107,0.057,67
bert-large-uncased,encoder.layer.0.intermediate.dense.weight,ffn_intermediate,0.25,0.1123,4.225,nan,2.0057345764110215,0.0445,109
bert-large-uncased,encoder.layer.0.output.dense.weight,ffn_output,0.25,0.0834,5.343,nan,1.9863651296341598,0.0385,97
bert-large-uncased,encoder.layer.1.attention.self.query.weight,attn_qkv,1.0,0.1281,3.053,nan,2.2607832722041747,0.0309,126
bert-large-uncased,encoder.layer.1.attention.self.key.weight,attn_qkv,1.0,0.1271,3.155,nan,2.355164995980965,0.0319,120
bert-large-uncased,encoder.layer.1.attention.self.value.weight,attn_qkv,1.0,0.1462,5.056,nan,5.161165761005464,0.0605,34
bert-large-uncased,encoder.layer.1.attention.output.dense.weight,attn_out,1.0,0.1522,2.411,nan,1.3949808033527367,0.0799,226
bert-large-uncased,encoder.layer.1.intermediate.dense.weight,ffn_intermediate,0.25,0.1067,3.611,nan,1.4961333648856818,0.0447,197
bert-large-uncased,encoder.layer.1.output.dense.weight,ffn_output,0.25,0.0825,5.519,nan,2.076627016032066,0.0336,82
bert-large-uncased,encoder.layer.2.attention.self.query.weight,attn_qkv,1.0,0.1531,3.069,nan,2.706472959516339,0.0256,100
bert-large-uncased,encoder.layer.2.attention.self.key.weight,attn_qkv,1.0,0.1701,3.088,nan,3.2772261327921646,0.0367,75
bert-large-uncased,encoder.layer.2.attention.self.value.weight,attn_qkv,1.0,0.1253,3.493,nan,3.0142111993896434,0.0726,91
bert-large-uncased,encoder.layer.2.attention.output.dense.weight,attn_out,1.0,0.117,5.513,nan,5.172097896052695,0.0655,27
bert-large-uncased,encoder.layer.2.intermediate.dense.weight,ffn_intermediate,0.25,0.1209,3.447,nan,1.492616586329425,0.0359,195
bert-large-uncased,encoder.layer.2.output.dense.weight,ffn_output,0.25,0.0864,5.156,nan,2.1665105369589215,0.0283,70
bert-large-uncased,encoder.layer.3.attention.self.query.weight,attn_qkv,1.0,0.1653,2.894,nan,2.6381816827036904,0.0224,101
bert-large-uncased,encoder.layer.3.attention.self.key.weight,attn_qkv,1.0,0.1822,2.46,nan,1.6212973487961244,0.0632,182
bert-large-uncased,encoder.layer.3.attention.self.value.weight,attn_qkv,1.0,0.1248,3.442,nan,3.060265928167642,0.0595,86
bert-large-uncased,encoder.layer.3.attention.output.dense.weight,attn_out,1.0,0.1153,3.575,nan,3.0306270974385177,0.0728,87
bert-large-uncased,encoder.layer.3.intermediate.dense.weight,ffn_intermediate,0.25,0.1168,3.471,nan,1.5061275463110286,0.0277,192
bert-large-uncased,encoder.layer.3.output.dense.weight,ffn_output,0.25,0.0966,4.142,nan,1.7755856797934177,0.018,127
bert-large-uncased,encoder.layer.4.attention.self.query.weight,attn_qkv,1.0,0.1539,3.493,nan,4.420353475001664,0.0287,41
bert-large-uncased,encoder.layer.4.attention.self.key.weight,attn_qkv,1.0,0.1694,3.384,nan,3.9649270523860993,0.028,57
bert-large-uncased,encoder.layer.4.attention.self.value.weight,attn_qkv,1.0,0.1095,3.55,nan,3.052275347391079,0.0471,83
bert-large-uncased,encoder.layer.4.attention.output.dense.weight,attn_out,1.0,0.1092,5.433,nan,4.929445169037265,0.0575,29
bert-large-uncased,encoder.layer.4.intermediate.dense.weight,ffn_intermediate,0.25,0.1065,3.563,nan,1.4588265042939814,0.0385,207
bert-large-uncased,encoder.layer.4.output.dense.weight,ffn_output,0.25,0.0942,4.071,nan,1.6830011431557803,0.0192,146
bert-large-uncased,encoder.layer.5.attention.self.query.weight,attn_qkv,1.0,0.1409,3.325,nan,3.1256434552420864,0.0184,78
bert-large-uncased,encoder.layer.5.attention.self.key.weight,attn_qkv,1.0,0.1565,3.196,nan,3.3436488061896013,0.0295,71
bert-large-uncased,encoder.layer.5.attention.self.value.weight,attn_qkv,1.0,0.1352,2.769,nan,2.0615010632032607,0.072,148
bert-large-uncased,encoder.layer.5.attention.output.dense.weight,attn_out,1.0,0.1142,2.874,nan,1.911541349251688,0.0739,170
bert-large-uncased,encoder.layer.5.intermediate.dense.weight,ffn_intermediate,0.25,0.1012,3.624,nan,1.4113366770895814,0.0428,223
bert-large-uncased,encoder.layer.5.output.dense.weight,ffn_output,0.25,0.0919,4.415,nan,1.8860111001204818,0.0323,112
bert-large-uncased,encoder.layer.6.attention.self.query.weight,attn_qkv,1.0,0.1252,3.507,nan,2.7793175286372094,0.0402,98
bert-large-uncased,encoder.layer.6.attention.self.key.weight,attn_qkv,1.0,0.1514,3.267,nan,3.3154144814075703,0.0492,71
bert-large-uncased,encoder.layer.6.attention.self.value.weight,attn_qkv,1.0,0.1215,4.186,nan,4.1601707344433665,0.0494,47
bert-large-uncased,encoder.layer.6.attention.output.dense.weight,attn_out,1.0,0.1164,4.932,nan,4.601140195637479,0.0674,37
bert-large-uncased,encoder.layer.6.intermediate.dense.weight,ffn_intermediate,0.25,0.099,4.002,nan,1.6678028247855574,0.0337,159
bert-large-uncased,encoder.layer.6.output.dense.weight,ffn_output,0.25,0.0953,4.938,nan,2.0490212774451435,0.0536,93
bert-large-uncased,encoder.layer.7.attention.self.query.weight,attn_qkv,1.0,0.1102,3.829,nan,3.1073115665402904,0.0383,79
bert-large-uncased,encoder.layer.7.attention.self.key.weight,attn_qkv,1.0,0.1361,3.553,nan,3.4752438673604913,0.0613,66
bert-large-uncased,encoder.layer.7.attention.self.value.weight,attn_qkv,1.0,0.1227,4.939,nan,5.034212279459953,0.0521,31
bert-large-uncased,encoder.layer.7.attention.output.dense.weight,attn_out,1.0,0.1144,4.814,nan,5.123961877396087,0.044,26
bert-large-uncased,encoder.layer.7.intermediate.dense.weight,ffn_intermediate,0.25,0.0982,4.341,nan,1.8676912956787823,0.0307,121
bert-large-uncased,encoder.layer.7.output.dense.weight,ffn_output,0.25,0.102,5.003,nan,1.999588768434231,0.0537,106
bert-large-uncased,encoder.layer.8.attention.self.query.weight,attn_qkv,1.0,0.113,3.483,nan,2.9533987318323507,0.0281,83
bert-large-uncased,encoder.layer.8.attention.self.key.weight,attn_qkv,1.0,0.1365,3.276,nan,2.7640243634502597,0.0442,97
bert-large-uncased,encoder.layer.8.attention.self.value.weight,attn_qkv,1.0,0.1153,5.112,nan,4.968520177126095,0.0711,31
bert-large-uncased,encoder.layer.8.attention.output.dense.weight,attn_out,1.0,0.1077,7.507,nan,5.981291698413929,0.0747,14
bert-large-uncased,encoder.layer.8.intermediate.dense.weight,ffn_intermediate,0.25,0.0934,4.601,nan,1.9380100540744625,0.0225,108
bert-large-uncased,encoder.layer.8.output.dense.weight,ffn_output,0.25,0.1135,5.204,nan,2.226990673589925,0.05,81
bert-large-uncased,encoder.layer.9.attention.self.query.weight,attn_qkv,1.0,0.1328,3.454,nan,2.9251692258280846,0.0402,93
bert-large-uncased,encoder.layer.9.attention.self.key.weight,attn_qkv,1.0,0.1549,3.336,nan,3.252663659693461,0.0592,78
bert-large-uncased,encoder.layer.9.attention.self.value.weight,attn_qkv,1.0,0.1007,5.191,nan,4.28599235593115,0.0459,37
bert-large-uncased,encoder.layer.9.attention.output.dense.weight,attn_out,1.0,0.084,4.1,nan,3.259416138915568,0.0376,66
bert-large-uncased,encoder.layer.9.intermediate.dense.weight,ffn_intermediate,0.25,0.1136,3.774,nan,1.7991779439323377,0.0173,131
bert-large-uncased,encoder.layer.9.output.dense.weight,ffn_output,0.25,0.1151,4.194,nan,1.8965405802419932,0.0303,119
bert-large-uncased,encoder.layer.10.attention.self.query.weight,attn_qkv,1.0,0.1756,2.559,nan,1.8995586649955691,0.0271,148
bert-large-uncased,encoder.layer.10.attention.self.key.weight,attn_qkv,1.0,0.1769,2.662,nan,1.995301064675427,0.0285,140
bert-large-uncased,encoder.layer.10.attention.self.value.weight,attn_qkv,1.0,0.1111,4.63,nan,4.04146769749071,0.0479,47
bert-large-uncased,encoder.layer.10.attention.output.dense.weight,attn_out,1.0,0.0978,6.648,nan,4.605062879666045,0.0472,27
bert-large-uncased,encoder.layer.10.intermediate.dense.weight,ffn_intermediate,0.25,0.1267,3.377,nan,1.6120066021436936,0.0199,165
bert-large-uncased,encoder.layer.10.output.dense.weight,ffn_output,0.25,0.1022,4.232,nan,1.9243943191934263,0.021,109
bert-large-uncased,encoder.layer.11.attention.self.query.weight,attn_qkv,1.0,0.152,3.026,nan,2.7264000128607266,0.0561,102
bert-large-uncased,encoder.layer.11.attention.self.key.weight,attn_qkv,1.0,0.1477,3.22,nan,3.102055745574018,0.0193,78
bert-large-uncased,encoder.layer.11.attention.self.value.weight,attn_qkv,1.0,0.12,5.26,nan,4.856393464611887,0.0668,30
bert-large-uncased,encoder.layer.11.attention.output.dense.weight,attn_out,1.0,0.0834,5.168,nan,4.131598480613086,0.0354,34
bert-large-uncased,encoder.layer.11.intermediate.dense.weight,ffn_intermediate,0.25,0.1224,3.617,nan,1.8890678555706015,0.0174,120
bert-large-uncased,encoder.layer.11.output.dense.weight,ffn_output,0.25,0.1142,4.082,nan,2.023109361880277,0.0247,99
bert-large-uncased,encoder.layer.12.attention.self.query.weight,attn_qkv,1.0,0.1756,2.828,nan,2.770025504283977,0.0426,98
bert-large-uncased,encoder.layer.12.attention.self.key.weight,attn_qkv,1.0,0.1697,2.738,nan,2.167626176823308,0.0267,129
bert-large-uncased,encoder.layer.12.attention.self.value.weight,attn_qkv,1.0,0.1069,5.202,nan,4.250864151938073,0.0738,39
bert-large-uncased,encoder.layer.12.attention.output.dense.weight,attn_out,1.0,0.0738,9.573,nan,4.552948351022201,0.0573,18
bert-large-uncased,encoder.layer.12.intermediate.dense.weight,ffn_intermediate,0.25,0.1135,3.791,nan,1.92338524064839,0.0173,116
bert-large-uncased,encoder.layer.12.output.dense.weight,ffn_output,0.25,0.1209,4.224,nan,2.520274920498133,0.028,57
bert-large-uncased,encoder.layer.13.attention.self.query.weight,attn_qkv,1.0,0.1853,2.873,nan,3.2593193239851495,0.0451,76
bert-large-uncased,encoder.layer.13.attention.self.key.weight,attn_qkv,1.0,0.1877,2.607,nan,2.1140367899379027,0.025,125
bert-large-uncased,encoder.layer.13.attention.self.value.weight,attn_qkv,1.0,0.0904,3.927,nan,2.760215699527258,0.0783,102
bert-large-uncased,encoder.layer.13.attention.output.dense.weight,attn_out,1.0,0.056,8.645,nan,3.844449237053796,0.0429,27
bert-large-uncased,encoder.layer.13.intermediate.dense.weight,ffn_intermediate,0.25,0.1126,3.908,nan,1.9772297949990538,0.0254,111
bert-large-uncased,encoder.layer.13.output.dense.weight,ffn_output,0.25,0.1078,4.32,nan,2.356849235770853,0.031,63
bert-large-uncased,encoder.layer.14.attention.self.query.weight,attn_qkv,1.0,0.1562,3.263,nan,3.417176049875894,0.033,71
bert-large-uncased,encoder.layer.14.attention.self.key.weight,attn_qkv,1.0,0.1488,3.009,nan,2.8276260563943967,0.0244,88
bert-large-uncased,encoder.layer.14.attention.self.value.weight,attn_qkv,1.0,0.1059,5.833,nan,4.7377825020235385,0.069,30
bert-large-uncased,encoder.layer.14.attention.output.dense.weight,attn_out,1.0,0.0714,6.521,nan,4.249524995478419,0.0443,28
bert-large-uncased,encoder.layer.14.intermediate.dense.weight,ffn_intermediate,0.25,0.1021,3.895,nan,1.8136335066665932,0.0221,132
bert-large-uncased,encoder.layer.14.output.dense.weight,ffn_output,0.25,0.1112,3.649,nan,1.5733077739589079,0.036,171
bert-large-uncased,encoder.layer.15.attention.self.query.weight,attn_qkv,1.0,0.1375,3.442,nan,3.434527056386113,0.0449,68
bert-large-uncased,encoder.layer.15.attention.self.key.weight,attn_qkv,1.0,0.133,3.285,nan,2.961301499037251,0.0253,84
bert-large-uncased,encoder.layer.15.attention.self.value.weight,attn_qkv,1.0,0.1043,4.801,nan,4.041502405976702,0.0696,45
bert-large-uncased,encoder.layer.15.attention.output.dense.weight,attn_out,1.0,0.0823,5.328,nan,3.9839680565465265,0.0485,41
bert-large-uncased,encoder.layer.15.intermediate.dense.weight,ffn_intermediate,0.25,0.101,3.999,nan,1.8851734411521512,0.022,118
bert-large-uncased,encoder.layer.15.output.dense.weight,ffn_output,0.25,0.1063,3.798,nan,1.6275109178504394,0.0323,156
bert-large-uncased,encoder.layer.16.attention.self.query.weight,attn_qkv,1.0,0.1281,3.209,nan,3.1628650431529235,0.0341,74
bert-large-uncased,encoder.layer.16.attention.self.key.weight,attn_qkv,1.0,0.128,3.043,nan,2.487470274303997,0.017,106
bert-large-uncased,encoder.layer.16.attention.self.value.weight,attn_qkv,1.0,0.0823,6.562,nan,4.617487508075042,0.0447,23
bert-large-uncased,encoder.layer.16.attention.output.dense.weight,attn_out,1.0,0.0609,6.394,nan,4.091776695628353,0.0367,28
bert-large-uncased,encoder.layer.16.intermediate.dense.weight,ffn_intermediate,0.25,0.099,4.081,nan,1.8937393660751085,0.0191,117
bert-large-uncased,encoder.layer.16.output.dense.weight,ffn_output,0.25,0.1037,3.778,nan,1.495476725225746,0.043,189
bert-large-uncased,encoder.layer.17.attention.self.query.weight,attn_qkv,1.0,0.1337,3.233,nan,2.7503313198353023,0.029,100
bert-large-uncased,encoder.layer.17.attention.self.key.weight,attn_qkv,1.0,0.1312,3.064,nan,2.290805909620998,0.0292,127
bert-large-uncased,encoder.layer.17.attention.self.value.weight,attn_qkv,1.0,0.0791,5.311,nan,3.9666670936514485,0.0506,39
bert-large-uncased,encoder.layer.17.attention.output.dense.weight,attn_out,1.0,0.0595,5.721,nan,3.8961821553670366,0.0423,33
bert-large-uncased,encoder.layer.17.intermediate.dense.weight,ffn_intermediate,0.25,0.1083,4.117,nan,2.0524544875629838,0.0172,95
bert-large-uncased,encoder.layer.17.output.dense.weight,ffn_output,0.25,0.0802,4.419,nan,1.6504225876890388,0.03,146
bert-large-uncased,encoder.layer.18.attention.self.query.weight,attn_qkv,1.0,0.1286,3.255,nan,2.652335297342668,0.0363,108
bert-large-uncased,encoder.layer.18.attention.self.key.weight,attn_qkv,1.0,0.1269,3.303,nan,2.8770933006652224,0.0241,88
bert-large-uncased,encoder.layer.18.attention.self.value.weight,attn_qkv,1.0,0.0758,6.166,nan,4.061346004864968,0.0481,34
bert-large-uncased,encoder.layer.18.attention.output.dense.weight,attn_out,1.0,0.0776,5.919,nan,4.1161876768451275,0.0434,34
bert-large-uncased,encoder.layer.18.intermediate.dense.weight,ffn_intermediate,0.25,0.1115,4.3,nan,2.1574666679216197,0.0197,85
bert-large-uncased,encoder.layer.18.output.dense.weight,ffn_output,0.25,0.0498,5.894,nan,1.8531326140313136,0.0433,96
bert-large-uncased,encoder.layer.19.attention.self.query.weight,attn_qkv,1.0,0.1319,3.052,nan,2.6200274513563113,0.0277,101
bert-large-uncased,encoder.layer.19.attention.self.key.weight,attn_qkv,1.0,0.1278,3.155,nan,3.0183642178261874,0.0207,77
bert-large-uncased,encoder.layer.19.attention.self.value.weight,attn_qkv,1.0,0.0649,8.688,nan,4.44574211856205,0.0681,21
bert-large-uncased,encoder.layer.19.attention.output.dense.weight,attn_out,1.0,0.048,11.772,nan,4.6523503852524986,0.0762,15
bert-large-uncased,encoder.layer.19.intermediate.dense.weight,ffn_intermediate,0.25,0.1159,5.085,nan,2.7523158104209946,0.0352,47
bert-large-uncased,encoder.layer.19.output.dense.weight,ffn_output,0.25,0.0416,6.885,nan,1.9269625691754557,0.0336,81
bert-large-uncased,encoder.layer.20.attention.self.query.weight,attn_qkv,1.0,0.1293,3.815,nan,4.522125476709827,0.0309,35
bert-large-uncased,encoder.layer.20.attention.self.key.weight,attn_qkv,1.0,0.1268,3.957,nan,3.6252890649856497,0.034,62
bert-large-uncased,encoder.layer.20.attention.self.value.weight,attn_qkv,1.0,0.0778,14.489,nan,4.413209464067653,0.0556,18
bert-large-uncased,encoder.layer.20.attention.output.dense.weight,attn_out,1.0,0.0663,10.654,nan,4.059141391726841,0.0615,30
bert-large-uncased,encoder.layer.20.intermediate.dense.weight,ffn_intermediate,0.25,0.126,5.33,nan,3.2431850551890977,0.0431,32
bert-large-uncased,encoder.layer.20.output.dense.weight,ffn_output,0.25,0.0321,9.881,nan,2.0703976094544605,0.0564,55
bert-large-uncased,encoder.layer.21.attention.self.query.weight,attn_qkv,1.0,0.1066,3.372,nan,2.692613691338466,0.02,97
bert-large-uncased,encoder.layer.21.attention.self.key.weight,attn_qkv,1.0,0.1102,3.654,nan,2.9054775557183343,0.0353,90
bert-large-uncased,encoder.layer.21.attention.self.value.weight,attn_qkv,1.0,0.0939,9.366,nan,4.347111908962592,0.0794,32
bert-large-uncased,encoder.layer.21.attention.output.dense.weight,attn_out,1.0,0.0624,8.08,nan,3.7576759335556,0.0782,42
bert-large-uncased,encoder.layer.21.intermediate.dense.weight,ffn_intermediate,0.25,0.1306,4.261,nan,2.607898813224061,0.0432,58
bert-large-uncased,encoder.layer.21.output.dense.weight,ffn_output,0.25,0.0375,10.494,nan,2.1265316911729526,0.061,52
bert-large-uncased,encoder.layer.22.attention.self.query.weight,attn_qkv,1.0,0.1121,3.153,nan,2.385314739388948,0.0369,114
bert-large-uncased,encoder.layer.22.attention.self.key.weight,attn_qkv,1.0,0.122,3.429,nan,2.9379649410886333,0.0412,87
bert-large-uncased,encoder.layer.22.attention.self.value.weight,attn_qkv,1.0,0.0897,8.23,nan,4.1481033622439325,0.0948,39
bert-large-uncased,encoder.layer.22.attention.output.dense.weight,attn_out,1.0,0.0498,11.662,nan,3.748507012122658,0.0688,33
bert-large-uncased,encoder.layer.22.intermediate.dense.weight,ffn_intermediate,0.25,0.1105,4.344,nan,2.376917633902892,0.0352,65
bert-large-uncased,encoder.layer.22.output.dense.weight,ffn_output,0.25,0.0569,12.972,nan,2.4503014292632663,0.0554,30
bert-large-uncased,encoder.layer.23.attention.self.query.weight,attn_qkv,1.0,0.1124,2.963,nan,1.9796093207215768,0.025,145
bert-large-uncased,encoder.layer.23.attention.self.key.weight,attn_qkv,1.0,0.13,3.155,nan,2.666495396263165,0.0277,97
bert-large-uncased,encoder.layer.23.attention.self.value.weight,attn_qkv,1.0,0.0724,10.67,nan,4.12482225656293,0.0651,27
bert-large-uncased,encoder.layer.23.attention.output.dense.weight,attn_out,1.0,0.0444,16.604,nan,3.7488330148015225,0.0767,26
bert-large-uncased,encoder.layer.23.intermediate.dense.weight,ffn_intermediate,0.25,0.0808,5.09,nan,2.3324381951405737,0.0311,58
bert-large-uncased,encoder.layer.23.output.dense.weight,ffn_output,0.25,0.0487,9.163,nan,2.631243805196157,0.0469,45
bert-large-uncased,pooler.dense.weight,pooler,1.0,0.3183,2.249,nan,0.4890059003789464,0.049,271
albert-base-v2,embeddings.word_embeddings.weight,emb_word,0.0043,0.0975,4.075,nan,0.9086003164894868,0.0598,68
albert-base-v2,embeddings.position_embeddings.weight,emb_position,0.25,0.5671,1.313,nan,6.2643519101312985e-06,0.1386,128
albert-base-v2,encoder.embedding_hidden_mapping_in.weight,emb_projection,0.1667,0.2246,7.947,nan,1.2364184451991969,0.0423,31
albert-base-v2,encoder.albert_layer_groups.0.albert_layers.0.attention.query.weight,attn_qkv,1.0,0.1471,3.837,nan,4.16228705952305,0.05,38
albert-base-v2,encoder.albert_layer_groups.0.albert_layers.0.attention.key.weight,attn_qkv,1.0,0.1601,3.468,nan,3.4236935470134875,0.0346,58
albert-base-v2,encoder.albert_layer_groups.0.albert_layers.0.attention.value.weight,attn_qkv,1.0,0.0838,3.984,nan,2.7342591804458602,0.0683,78
albert-base-v2,encoder.albert_layer_groups.0.albert_layers.0.attention.dense.weight,attn_out,1.0,0.0815,3.348,nan,2.2957244710156592,0.048,97
albert-base-v2,encoder.albert_layer_groups.0.albert_layers.0.ffn.weight,ffn_intermediate,0.25,0.0849,3.635,nan,1.5917421991602112,0.0264,130
albert-base-v2,encoder.albert_layer_groups.0.albert_layers.0.ffn_output.weight,ffn_output,0.25,0.0694,3.415,nan,1.5463457298282144,0.0305,146
albert-base-v2,pooler.weight,pooler,1.0,0.3477,2.453,nan,1.3539283937788948,0.0362,84
